program,ours_ms,rustc_ms,clif_ms,gcc_ms,ratio_rustc,ratio_clif,ratio_gcc,rustc_note
fibonacci.rs,10.405179400004272,509.47426979996635,530.6633675999819,294.02561540000534,48.96,51.0,28.26,
matrix.rs,13.208693399997173,433.20703799997773,397.90259859996695,254.62040120000896,32.8,30.12,19.28,"Programa Rust estándar: [[0;3];3] e índices 'as usize'. Nuestro compilador ahora soporta el tipo usize y el cast 'as' (i32 -> usize), así que el mismo archivo compila tanto en nuestro compilador como en rustc."
strings.rs,12.55199839999932,430.6539304000353,383.1090866000068,252.24586580000053,34.31,30.52,20.1,String = literal requiere .to_string() en Rust estándar
loop_sum.rs,10.858235000000604,425.4339025999798,432.058219999999,269.39180540000507,39.18,39.79,24.81,
